index,lights,street_inf,bikes,landmarks,memorials,trees,transport_stops,bus-stops,tram-stops,metro-stations,taxi-ranks,big-car-parks,buildings_2010,buildings_2011,buildings_2012,buildings_2013,buildings_2014,buildings_2015,buildings_2016,buildings_2017,buildings_2018,buildings_2019,buildings_2020,avg_n_floors_2010,avg_n_floors_2011,avg_n_floors_2012,avg_n_floors_2013,avg_n_floors_2014,avg_n_floors_2015,avg_n_floors_2016,avg_n_floors_2017,avg_n_floors_2018,avg_n_floors_2019,avg_n_floors_2020,sensor_id
1,574,1527,2,18,21,454,1,1,0,0,17,8,385,385,378,378,378,378,377,378,378,379,379,5.511688311688312,5.605194805194805,5.616402116402116,5.616402116402116,5.703703703703703,5.73015873015873,5.753315649867374,5.791005291005291,5.767195767195767,5.762532981530343,5.736147757255937,1
2,551,1557,2,16,20,454,1,1,0,0,18,7,385,385,378,378,378,377,376,377,374,373,372,5.607792207792208,5.703896103896104,5.716931216931217,5.716931216931217,5.804232804232805,5.814323607427056,5.837765957446808,5.8753315649867375,5.887700534759358,5.86058981233244,5.809139784946237,2
3,498,1331,3,16,10,455,4,0,3,1,11,9,355,356,352,351,349,349,346,346,347,346,344,4.298591549295774,4.407303370786517,4.3977272727272725,4.433048433048433,4.469914040114613,4.911174785100287,5.254335260115607,5.355491329479769,5.5590778097982705,6.106936416184971,6.247093023255814,3
4,373,1640,2,17,20,416,4,2,1,1,21,6,351,351,343,343,343,342,342,343,340,340,343,6.17948717948718,6.3076923076923075,6.341107871720117,6.341107871720117,6.454810495626822,6.464912280701754,6.47953216374269,6.5276967930029155,6.547058823529412,6.555882352941176,6.521865889212828,4
5,339,1112,2,18,11,706,6,2,3,1,5,7,107,108,106,106,106,106,107,108,105,103,104,7.317757009345795,7.351851851851852,7.443396226415095,7.443396226415095,7.59433962264151,7.59433962264151,7.542056074766355,7.5092592592592595,7.647619047619048,8.135922330097088,8.096153846153847,5
6,312,1147,3,15,7,674,13,9,3,1,9,4,137,137,137,137,137,137,138,139,136,133,135,9.167883211678832,9.379562043795621,9.379562043795621,9.379562043795621,9.401459854014599,9.664233576642335,9.630434782608695,9.661870503597122,9.816176470588236,10.233082706766917,10.133333333333333,6
7,670,982,1,12,16,1313,3,1,2,0,3,4,50,50,50,50,50,50,50,50,50,52,51,6.22,6.48,6.48,6.42,6.48,7.28,7.28,7.64,7.64,7.5576923076923075,7.745098039215686,7
8,2335,793,3,6,2,2175,2,0,2,0,0,4,22,21,22,22,26,26,26,26,30,29,30,9.181818181818182,9.571428571428571,10.318181818181818,10.318181818181818,10.692307692307692,10.692307692307692,10.461538461538462,10.461538461538462,11.033333333333333,11.172413793103448,11.566666666666666,8
9,696,539,2,8,3,880,5,1,3,1,4,17,37,37,38,38,40,40,42,41,43,44,47,7.918918918918919,7.918918918918919,8.342105263157896,8.394736842105264,9.425,9.525,10.380952380952381,10.585365853658537,11.209302325581396,11.431818181818182,11.957446808510639,9
10,1101,984,2,4,5,2255,2,0,2,0,1,3,24,24,28,28,33,33,34,34,39,40,40,8.083333333333334,8.083333333333334,8.5,8.5,9.757575757575758,9.757575757575758,10.735294117647058,10.735294117647058,10.179487179487179,9.95,9.65,10
11,1205,556,1,6,1,778,2,0,2,0,1,10,15,15,34,34,33,33,35,35,35,36,37,6.466666666666667,6.466666666666667,5.264705882352941,5.264705882352941,6.363636363636363,6.363636363636363,6.057142857142857,6.057142857142857,7.314285714285714,7.166666666666667,7.351351351351352,11
12,1470,549,2,5,2,607,4,0,4,0,1,6,18,18,22,22,21,21,23,23,23,23,26,7.888888888888889,7.888888888888889,8.045454545454545,8.045454545454545,9.904761904761905,9.904761904761905,9.130434782608695,9.130434782608695,9.173913043478262,9.173913043478262,8.73076923076923,12
13,0,834,1,11,6,666,17,13,3,1,4,8,247,247,246,240,240,240,239,239,240,245,245,6.846153846153846,6.846153846153846,6.869918699186992,7.0,7.033333333333333,7.329166666666667,7.640167364016737,8.142259414225942,8.3,8.46938775510204,8.763265306122449,13
14,437,889,2,8,8,644,14,12,2,0,6,2,124,124,124,124,124,123,123,124,124,123,123,10.629032258064516,10.620967741935484,10.620967741935484,10.975806451612904,11.0,11.91869918699187,11.951219512195122,11.85483870967742,11.85483870967742,12.951219512195122,12.845528455284553,14
15,501,1290,3,15,11,469,4,0,3,1,11,7,333,332,328,328,326,325,322,321,322,323,321,4.252252252252252,4.47289156626506,4.463414634146342,4.585365853658536,4.622699386503068,5.101538461538461,5.3478260869565215,5.566978193146418,5.670807453416149,6.5170278637770895,6.669781931464175,15
16,250,1577,2,18,20,438,13,10,2,1,21,5,303,303,296,296,296,296,296,296,293,294,292,7.178217821782178,7.181518151815181,7.233108108108108,7.239864864864865,7.364864864864865,7.364864864864865,7.388513513513513,7.388513513513513,7.419795221843003,7.41156462585034,7.376712328767123,16
17,40,1075,1,10,11,810,4,0,3,1,10,5,183,183,183,183,183,181,181,182,182,184,181,7.027322404371585,7.2896174863387975,7.2896174863387975,7.327868852459017,7.327868852459017,7.762430939226519,7.762430939226519,8.12087912087912,8.12087912087912,8.065217391304348,7.823204419889502,17
18,98,1090,1,11,11,804,4,0,3,1,10,5,196,196,195,195,195,193,193,194,194,194,193,6.892857142857143,7.137755102040816,7.1692307692307695,7.205128205128205,7.205128205128205,7.61139896373057,7.61139896373057,7.948453608247423,7.948453608247423,7.953608247422681,7.66321243523316,18
19,562,1467,2,22,22,456,3,0,2,1,15,6,355,354,348,348,348,349,347,348,348,346,349,4.743661971830986,4.861581920903955,4.844827586206897,4.841954022988506,4.899425287356322,5.080229226361031,5.106628242074928,5.140804597701149,5.129310344827586,5.23121387283237,5.257879656160458,19
20,537,1308,2,15,14,614,2,0,2,0,15,8,375,372,368,368,368,369,368,366,366,373,372,5.0906666666666665,5.338709677419355,5.345108695652174,5.3478260869565215,5.391304347826087,5.558265582655826,5.586956521739131,5.628415300546448,5.628415300546448,5.745308310991957,5.733870967741935,20
21,569,1411,2,16,18,571,0,0,0,0,15,10,373,370,362,362,362,363,363,363,363,366,364,5.369973190348525,5.624324324324324,5.632596685082873,5.632596685082873,5.726519337016574,5.898071625344353,5.914600550964187,5.9476584022038566,5.9476584022038566,5.969945355191257,5.824175824175824,21
22,303,1281,1,16,11,477,17,13,3,1,12,5,204,205,203,203,203,203,203,203,200,197,198,8.470588235294118,8.434146341463414,8.507389162561577,8.517241379310345,8.610837438423646,8.610837438423646,8.605911330049262,8.605911330049262,8.69,8.746192893401016,8.722222222222221,22
23,351,674,1,6,1,492,8,4,3,1,10,15,112,112,111,111,111,113,113,111,112,114,116,9.375,9.375,9.495495495495495,9.504504504504505,9.531531531531531,10.380530973451327,10.47787610619469,10.90990990990991,10.892857142857142,11.035087719298245,11.060344827586206,23
24,368,657,1,6,1,470,8,4,3,1,10,17,120,120,119,119,119,120,120,118,119,121,123,9.008333333333333,9.008333333333333,9.117647058823529,9.512605042016807,9.53781512605042,10.025,10.116666666666667,10.5,10.487394957983193,11.12396694214876,11.146341463414634,24
25,258,226,2,8,1,465,6,4,2,0,0,9,45,43,43,41,41,42,42,42,41,37,39,7.488888888888889,9.186046511627907,9.186046511627907,9.341463414634147,9.341463414634147,10.095238095238095,10.095238095238095,11.261904761904763,11.439024390243903,12.972972972972974,13.384615384615385,25
26,116,1112,2,12,10,541,5,1,3,1,4,8,240,244,244,243,242,243,241,241,242,235,236,4.779166666666667,4.89344262295082,4.942622950819672,5.230452674897119,5.392561983471074,6.049382716049383,6.54356846473029,7.572614107883817,7.929752066115703,9.191489361702128,9.707627118644067,26
27,0,671,2,2,6,1134,11,11,0,0,2,10,342,343,343,343,343,343,343,343,338,346,347,2.371345029239766,2.3935860058309038,2.43731778425656,2.43731778425656,2.542274052478134,2.568513119533528,2.626822157434402,2.7988338192419824,2.8106508875739644,2.7803468208092488,2.835734870317003,27
28,307,890,2,21,17,1166,9,8,0,1,4,2,38,37,37,37,37,36,36,36,36,36,35,8.526315789473685,9.513513513513514,9.513513513513514,9.513513513513514,9.513513513513514,10.75,10.75,10.805555555555555,10.805555555555555,12.13888888888889,12.085714285714285,28
29,382,1039,2,20,16,889,6,2,3,1,6,6,59,59,59,59,59,59,59,60,57,54,55,6.728813559322034,7.338983050847458,7.338983050847458,7.338983050847458,7.389830508474576,8.0,8.0,7.883333333333334,8.157894736842104,8.925925925925926,9.072727272727272,29
30,575,1288,2,18,14,507,4,0,3,1,13,5,313,310,304,305,305,305,304,305,305,305,306,5.111821086261981,5.393548387096774,5.378289473684211,5.465573770491804,5.534426229508196,5.747540983606557,5.782894736842105,5.921311475409836,5.921311475409836,6.340983606557377,6.46078431372549,30
31,91,718,2,8,4,1119,16,16,0,0,1,6,308,308,305,305,308,308,309,309,307,304,304,2.438311688311688,2.438311688311688,2.4721311475409835,2.4721311475409835,2.529220779220779,2.529220779220779,2.5663430420711975,2.5663430420711975,2.570032573289902,2.5592105263157894,2.6184210526315788,31
32,264,1549,2,20,20,403,7,3,3,1,17,8,278,278,272,272,272,271,271,271,268,266,269,6.892086330935252,7.071942446043166,7.139705882352941,7.132352941176471,7.2536764705882355,7.317343173431734,7.343173431734317,7.453874538745388,7.507462686567164,7.548872180451128,7.4944237918215615,32
33,129,828,1,8,13,1222,4,0,3,1,5,3,123,123,123,123,123,122,122,122,122,121,118,7.479674796747967,7.5528455284552845,7.5528455284552845,7.609756097560975,7.609756097560975,8.221311475409836,8.221311475409836,8.631147540983607,8.631147540983607,8.669421487603305,8.330508474576272,33
34,286,812,1,6,9,1345,5,0,4,1,5,4,120,120,120,120,120,119,119,119,119,119,115,7.725,7.858333333333333,7.858333333333333,7.908333333333333,7.908333333333333,8.53781512605042,8.53781512605042,8.983193277310924,8.983193277310924,8.983193277310924,8.71304347826087,34
35,389,1004,4,13,4,702,12,8,3,1,4,4,119,119,119,119,119,118,118,120,117,113,114,9.655462184873949,9.899159663865547,9.899159663865547,10.268907563025211,10.294117647058824,10.635593220338983,10.669491525423728,10.683333333333334,10.88888888888889,12.070796460176991,11.859649122807017,35
36,116,1217,1,3,4,529,23,21,2,0,14,2,302,302,303,300,300,300,299,299,299,302,299,8.774834437086092,8.778145695364238,8.768976897689768,8.693333333333333,8.703333333333333,8.706666666666667,8.729096989966555,8.632107023411372,8.615384615384615,8.880794701986755,8.872909698996656,36
37,97,528,2,7,4,1040,15,15,0,0,1,9,280,280,278,278,278,278,280,280,278,277,277,2.6535714285714285,2.657142857142857,2.697841726618705,2.697841726618705,2.8776978417266186,2.8776978417266186,2.8892857142857142,2.8892857142857142,3.0,3.0072202166064983,3.151624548736462,37
38,283,1320,1,19,11,470,7,3,3,1,11,8,194,195,191,191,191,191,191,191,188,187,188,7.22680412371134,7.246153846153846,7.31413612565445,7.303664921465969,7.476439790575916,7.544502617801047,7.539267015706806,7.633507853403142,7.712765957446808,7.74331550802139,7.723404255319149,38
39,443,1407,2,16,23,635,4,0,3,1,17,9,352,352,349,349,349,348,348,349,349,351,350,6.0227272727272725,6.190340909090909,6.197707736389685,6.214899713467049,6.306590257879656,6.517241379310345,6.5344827586206895,6.724928366762177,6.724928366762177,6.695156695156695,6.54,39
40,212,946,1,18,9,813,5,0,4,1,9,5,182,180,179,179,179,180,180,180,180,185,187,5.78021978021978,6.0055555555555555,6.033519553072626,6.06145251396648,6.06145251396648,6.183333333333334,6.183333333333334,6.183333333333334,6.183333333333334,6.427027027027027,6.44385026737968,40
41,274,1520,1,20,16,437,7,3,3,1,15,9,224,225,220,220,220,220,220,220,217,216,217,7.397321428571429,7.417777777777777,7.513636363636364,7.504545454545455,7.654545454545454,7.713636363636364,7.745454545454545,7.827272727272727,7.8986175115207375,7.925925925925926,7.907834101382488,41
42,98,760,2,8,4,829,11,11,0,0,1,3,192,192,192,192,194,194,195,195,193,194,195,2.671875,2.671875,2.6666666666666665,2.6666666666666665,2.7422680412371134,2.7422680412371134,2.758974358974359,2.758974358974359,2.766839378238342,2.766839378238342,2.829896907216495,42
43,1,535,2,5,1,545,11,11,0,0,1,1,226,226,227,227,230,230,230,230,230,233,235,2.247787610619469,2.247787610619469,2.251101321585903,2.251101321585903,2.273913043478261,2.273913043478261,2.234782608695652,2.234782608695652,2.239130434782609,2.227467811158798,2.217948717948718,43
44,1,408,1,5,1,570,6,6,0,0,2,1,192,192,193,193,197,197,197,197,198,199,199,2.0885416666666665,2.0885416666666665,2.1139896373056994,2.1139896373056994,2.1624365482233503,2.1624365482233503,2.1269035532994924,2.1269035532994924,2.1515151515151514,2.1256281407035176,2.130653266331658,44
45,542,1524,2,15,20,448,2,1,1,0,19,7,373,373,365,365,365,365,364,365,362,362,365,5.6916890080428955,5.7882037533512065,5.802739726027397,5.802739726027397,5.901369863013699,5.901369863013699,5.925824175824176,5.964383561643835,5.975138121546961,5.939226519337017,5.912328767123288,45
46,88,728,1,4,3,981,5,5,0,0,1,8,243,243,241,241,239,239,238,238,236,237,239,3.0246913580246915,3.0246913580246915,3.078838174273859,3.078838174273859,3.506276150627615,3.506276150627615,3.5504201680672267,3.5504201680672267,3.792372881355932,3.7966101694915255,4.2899159663865545,46
47,203,1274,1,14,10,483,6,2,3,1,9,8,352,354,351,350,348,348,346,346,347,344,343,5.25,5.3107344632768365,5.3076923076923075,5.348571428571429,5.385057471264368,5.758620689655173,6.104046242774566,6.531791907514451,6.706051873198847,7.3313953488372094,7.518950437317784,47
48,32,853,1,1,7,898,5,5,0,0,4,10,296,299,298,298,296,295,297,297,297,297,298,3.0472972972972974,3.0702341137123748,3.1442953020134228,3.302013422818792,3.510135135135135,3.8610169491525426,3.898989898989899,4.491582491582491,4.592592592592593,4.9393939393939394,5.231543624161074,48
49,58,978,2,4,7,716,5,4,1,0,4,12,269,273,273,272,272,272,272,272,271,266,268,3.8475836431226766,3.9633699633699635,3.989010989010989,4.242647058823529,4.404411764705882,4.911764705882353,5.080882352941177,5.992647058823529,6.125461254612546,7.109022556390977,7.623134328358209,49
50,1,741,0,7,2,994,15,15,0,0,2,3,394,394,395,395,399,399,400,400,401,409,408,2.0,2.00253807106599,2.0227848101265824,2.0227848101265824,2.0426065162907268,2.0426065162907268,2.0525,2.0525,2.0623441396508726,2.053789731051345,2.0563725490196076,50
51,58,976,3,5,7,669,10,8,2,0,5,10,262,266,266,265,263,265,264,264,265,260,261,4.438931297709924,4.548872180451128,4.590225563909774,4.9849056603773585,5.079847908745247,5.667924528301887,6.1893939393939394,7.128787878787879,7.332075471698113,8.403846153846153,8.873563218390805,51
52,169,1320,2,15,10,482,8,4,3,1,11,5,365,365,361,361,359,361,358,358,359,358,355,5.698630136986301,5.706849315068493,5.728531855955679,5.728531855955679,5.766016713091922,5.850415512465374,6.187150837988827,6.388268156424581,6.557103064066852,7.0083798882681565,7.183098591549296,52
53,259,1559,2,20,20,424,12,9,2,1,20,5,305,305,297,297,297,297,297,297,294,294,294,7.140983606557377,7.140983606557377,7.205387205387205,7.205387205387205,7.32996632996633,7.32996632996633,7.353535353535354,7.353535353535354,7.384353741496598,7.394557823129252,7.3231292517006805,53
54,130,843,1,5,5,1037,4,4,0,0,0,6,275,276,274,274,273,273,276,276,273,272,275,3.0254545454545454,3.0471014492753623,3.1605839416058394,3.335766423357664,3.6996336996337,3.6996336996337,3.7427536231884058,3.7427536231884058,3.956043956043956,3.9669117647058822,4.509090909090909,54
55,116,1153,2,13,10,582,5,1,3,1,5,9,280,284,281,280,278,278,276,276,277,269,269,5.135714285714286,5.22887323943662,5.241992882562277,5.464285714285714,5.514388489208633,6.014388489208633,6.449275362318841,7.3478260869565215,7.584837545126354,8.572490706319703,8.83271375464684,55
56,163,1306,2,16,8,499,9,5,3,1,10,6,359,359,355,355,353,355,353,353,354,352,349,5.718662952646239,5.818941504178273,5.842253521126761,5.842253521126761,5.881019830028329,6.225352112676056,6.56657223796034,6.796033994334278,6.966101694915254,7.448863636363637,7.630372492836676,56
57,663,590,2,3,2,664,4,2,1,1,5,14,29,29,32,32,32,31,32,31,33,35,36,9.413793103448276,9.413793103448276,9.40625,10.84375,12.5625,11.483870967741936,12.4375,12.774193548387096,12.0,12.514285714285714,13.333333333333334,57
58,403,644,1,3,0,382,7,6,0,1,10,14,124,124,125,119,119,117,117,115,115,121,121,9.07258064516129,9.07258064516129,9.008,9.403361344537815,9.529411764705882,10.034188034188034,10.128205128205128,11.373913043478261,11.11304347826087,11.801652892561984,11.917355371900827,58
59,116,1029,2,12,8,539,4,0,3,1,4,9,212,215,216,216,214,215,215,214,215,210,212,4.259433962264151,4.427906976744186,4.462962962962963,4.87037037037037,5.182242990654205,6.074418604651163,6.26046511627907,7.41588785046729,7.567441860465117,9.195238095238095,10.089622641509434,59
60,272,1520,2,20,16,436,7,3,3,1,15,9,224,225,220,220,220,220,220,220,217,216,217,7.397321428571429,7.417777777777777,7.513636363636364,7.504545454545455,7.654545454545454,7.713636363636364,7.745454545454545,7.827272727272727,7.8986175115207375,7.925925925925926,7.907834101382488,60
61,116,1017,2,10,8,609,5,1,3,1,4,9,216,219,219,219,219,220,220,219,219,212,213,4.1157407407407405,4.28310502283105,4.342465753424658,4.744292237442922,5.036529680365297,5.909090909090909,6.1,7.228310502283105,7.45662100456621,9.108490566037736,9.544600938967136,61
62,141,1069,2,13,7,568,6,1,4,1,6,9,282,286,282,281,279,279,277,277,278,272,272,4.897163120567376,4.993006993006993,4.99290780141844,5.213523131672598,5.261648745519714,5.759856630824372,6.191335740072202,7.086642599277979,7.323741007194244,8.294117647058824,8.551470588235293,62
63,650,1512,2,16,20,512,0,0,0,0,21,7,349,349,341,341,341,341,340,340,339,344,344,5.6017191977077365,5.724928366762177,5.736070381231672,5.733137829912024,5.841642228739003,5.870967741935484,5.8882352941176475,5.923529411764706,5.932153392330384,5.898255813953488,5.767441860465116,63
64,12,551,1,7,1,654,10,10,0,0,1,5,123,123,122,122,123,123,121,121,116,115,117,2.959349593495935,2.959349593495935,2.9508196721311477,2.9508196721311477,3.040650406504065,3.040650406504065,3.239669421487603,3.239669421487603,3.6120689655172415,3.6491228070175437,4.206896551724138,64
65,267,1552,2,20,20,403,7,3,3,1,18,8,279,279,273,273,273,272,272,273,270,268,271,6.896057347670251,7.075268817204301,7.142857142857143,7.135531135531136,7.256410256410256,7.319852941176471,7.345588235294118,7.457875457875458,7.511111111111111,7.552238805970149,7.498154981549815,65
66,499,1280,3,16,11,477,4,0,3,1,11,7,328,327,323,323,321,320,317,316,317,320,318,4.185975609756097,4.409785932721713,4.3993808049535605,4.523219814241486,4.5607476635514015,5.046875,5.296529968454259,5.518987341772152,5.624605678233438,6.50625,6.660377358490566,66
67,272,1569,1,20,17,414,12,9,2,1,16,7,230,231,226,226,226,226,226,226,223,221,222,7.773913043478261,7.748917748917749,7.8584070796460175,7.8584070796460175,8.004424778761061,8.004424778761061,8.0,8.0,8.04932735426009,8.085972850678733,8.067567567567568,67
68,275,1569,1,20,17,415,12,9,2,1,16,7,234,235,230,230,230,230,230,230,227,224,225,7.700854700854701,7.676595744680851,7.782608695652174,7.782608695652174,7.926086956521739,7.926086956521739,7.921739130434783,7.921739130434783,7.969162995594714,8.017857142857142,8.0,68
69,272,1570,1,20,17,413,12,9,2,1,16,7,231,232,227,227,227,227,227,227,224,222,223,7.753246753246753,7.728448275862069,7.8370044052863435,7.8370044052863435,7.9823788546255505,7.9823788546255505,7.977973568281938,7.977973568281938,8.026785714285714,8.063063063063064,8.044843049327355,69
70,0,370,0,1,1,1077,9,9,0,0,0,9,564,564,570,570,574,574,575,575,581,589,587,1.7340425531914894,1.7340425531914894,1.763157894736842,1.763157894736842,1.8153310104529616,1.8153310104529616,1.8469565217391304,1.8469565217391304,1.8726333907056798,1.8743633276740237,1.8943781942078364,70
71,350,1269,3,16,15,726,3,0,2,1,17,6,289,289,286,286,286,285,284,285,285,287,287,6.41522491349481,6.58477508650519,6.608391608391608,6.636363636363637,6.688811188811189,6.901754385964912,6.950704225352113,7.171929824561404,7.171929824561404,7.285714285714286,7.066202090592334,71
72,247,1269,2,19,14,721,7,2,4,1,12,9,155,155,151,151,151,151,152,152,149,149,150,7.619354838709677,7.709677419354839,7.80794701986755,7.814569536423841,8.006622516556291,8.364238410596027,8.31578947368421,8.43421052631579,8.550335570469798,8.59731543624161,8.566666666666666,72
73,347,685,1,3,0,420,8,7,0,1,12,13,136,136,136,130,130,128,128,126,126,131,131,9.139705882352942,9.139705882352942,9.139705882352942,9.515384615384615,9.515384615384615,9.9765625,10.0625,11.182539682539682,10.944444444444445,11.687022900763358,11.793893129770993,73
75,227,757,1,7,13,1313,4,0,3,1,4,3,109,109,109,109,109,108,108,108,108,108,105,7.743119266055046,7.798165137614679,7.798165137614679,7.853211009174312,7.853211009174312,8.546296296296296,8.546296296296296,9.00925925925926,9.00925925925926,9.00925925925926,8.638095238095238,75
76,2,307,0,4,0,995,6,5,0,1,0,0,528,530,530,530,530,530,530,529,529,534,534,1.2670454545454546,1.2811320754716982,1.2811320754716982,1.3056603773584905,1.3056603773584905,1.3150943396226416,1.3150943396226416,1.3232514177693762,1.3232514177693762,1.3314606741573034,1.3333333333333333,76
77,1335,425,1,5,2,522,3,0,3,0,0,5,19,19,24,24,23,23,24,24,24,24,26,7.7368421052631575,7.7368421052631575,8.541666666666666,8.541666666666666,10.217391304347826,10.217391304347826,9.875,9.875,9.083333333333334,9.083333333333334,8.538461538461538,77
78,1430,443,1,5,2,526,3,0,3,0,0,5,19,19,24,24,23,23,24,24,24,24,26,7.7368421052631575,7.7368421052631575,8.541666666666666,8.541666666666666,10.217391304347826,10.217391304347826,9.875,9.875,9.083333333333334,9.083333333333334,8.538461538461538,78
79,274,1267,1,18,12,510,10,6,3,1,11,7,175,176,174,174,174,174,174,175,172,170,171,8.325714285714286,8.323863636363637,8.39655172413793,8.39655172413793,8.505747126436782,8.505747126436782,8.5,8.457142857142857,8.55813953488372,8.629411764705882,8.602339181286549,79
80,0,269,0,5,0,514,9,9,0,0,1,7,84,81,81,79,79,77,77,76,76,73,76,5.238095238095238,7.54320987654321,7.54320987654321,8.253164556962025,8.253164556962025,10.987012987012987,10.987012987012987,12.539473684210526,12.539473684210526,15.95890410958904,16.407894736842106,80
81,0,283,0,5,0,502,7,7,0,0,1,6,87,83,83,82,82,80,80,79,79,76,79,4.724137931034483,7.385542168674699,7.385542168674699,8.365853658536585,8.365853658536585,11.025,11.025,12.518987341772151,12.518987341772151,15.802631578947368,16.240506329113924,81
82,58,950,2,2,7,709,4,4,0,0,2,12,249,253,253,252,251,251,254,254,254,253,255,3.5863453815261046,3.7154150197628457,3.7865612648221343,4.023809523809524,4.342629482071713,4.892430278884462,4.858267716535433,5.846456692913386,6.019685039370079,6.936758893280633,7.607843137254902,82
83,58,954,2,2,7,711,4,4,0,0,2,12,251,255,255,254,253,253,256,256,256,253,256,3.597609561752988,3.7254901960784315,3.796078431372549,4.031496062992126,4.3478260869565215,4.893280632411067,4.859375,5.828125,6.0,6.936758893280633,7.58203125,83
84,311,1287,2,17,10,497,16,12,3,1,11,5,199,200,198,198,198,198,198,198,195,192,193,8.542713567839195,8.505,8.580808080808081,8.590909090909092,8.686868686868687,8.686868686868687,8.681818181818182,8.747474747474747,8.846153846153847,8.942708333333334,8.917098445595855,84
85,2,304,0,4,0,1056,6,5,0,1,0,0,568,570,570,574,574,574,574,572,572,574,573,1.2570422535211268,1.2736842105263158,1.2736842105263158,1.2961672473867596,1.2961672473867596,1.3048780487804879,1.3048780487804879,1.312937062937063,1.312937062937063,1.318815331010453,1.317626527050611,85
86,0,406,0,1,1,1020,11,11,0,0,0,13,601,601,607,607,615,615,612,612,621,628,626,1.745424292845258,1.745424292845258,1.7792421746293245,1.7792421746293245,1.8195121951219513,1.8195121951219513,1.857843137254902,1.857843137254902,1.892109500805153,1.8869426751592357,1.900958466453674,86
87,0,373,0,1,1,1045,10,10,0,0,0,9,577,577,581,581,586,586,587,587,593,600,598,1.7400346620450606,1.7400346620450606,1.7676419965576593,1.7676419965576593,1.819112627986348,1.819112627986348,1.850085178875639,1.850085178875639,1.87858347386172,1.88,1.899665551839465,87
88,646,1506,2,16,20,523,0,0,0,0,20,7,349,349,341,341,341,341,340,340,339,344,344,5.555873925501433,5.679083094555874,5.689149560117302,5.686217008797654,5.794721407624634,5.8240469208211145,5.841176470588235,5.876470588235295,5.884955752212389,5.851744186046512,5.72093023255814,88
89,272,1589,1,20,17,413,11,7,3,1,16,8,225,226,221,221,221,221,221,221,218,218,219,7.8133333333333335,7.827433628318584,7.9411764705882355,7.9411764705882355,8.09049773755656,8.09049773755656,8.085972850678733,8.085972850678733,8.155963302752294,8.169724770642201,8.150684931506849,89
90,0,264,0,4,0,504,8,8,0,0,1,6,85,82,82,80,80,78,78,77,77,74,77,5.458823529411765,8.146341463414634,8.146341463414634,8.8625,8.8625,11.576923076923077,11.576923076923077,13.116883116883116,13.116883116883116,16.513513513513512,16.935064935064936,90
91,211,530,0,0,0,778,0,0,0,0,0,6,7,7,51,51,73,73,76,76,80,80,78,9.0,9.0,4.7254901960784315,4.7254901960784315,4.260273972602739,4.260273972602739,4.921052631578948,4.921052631578948,4.5625,4.5625,5.076923076923077,91
92,232,556,1,1,0,834,0,0,0,0,0,6,9,9,54,54,77,77,79,79,83,83,81,7.222222222222222,7.222222222222222,5.111111111111111,5.111111111111111,4.532467532467533,4.532467532467533,5.2025316455696204,5.2025316455696204,4.843373493975903,4.843373493975903,5.345679012345679,92
93,26,407,0,6,3,1026,1,0,0,1,2,5,333,333,333,333,333,333,333,333,333,338,338,2.2582582582582584,2.2582582582582584,2.2582582582582584,2.2582582582582584,2.2612612612612613,2.2612612612612613,2.264264264264264,2.264264264264264,2.279279279279279,2.2633136094674557,2.275147928994083,93
94,9,445,1,8,19,2019,1,0,1,0,1,2,48,48,48,48,48,48,48,48,48,48,47,4.354166666666667,4.354166666666667,4.375,4.375,4.4375,4.4375,4.4375,4.4375,4.458333333333333,4.458333333333333,4.25531914893617,94
95,9,445,1,6,17,1981,0,0,0,0,2,1,93,93,93,93,93,93,93,93,93,93,93,3.236559139784946,3.236559139784946,3.3010752688172045,3.3010752688172045,3.3333333333333335,3.3333333333333335,3.3333333333333335,3.3333333333333335,3.4193548387096775,3.4193548387096775,3.4838709677419355,95
96,9,449,1,6,17,1961,0,0,0,0,2,0,94,94,94,94,94,94,94,94,94,94,94,3.234042553191489,3.234042553191489,3.297872340425532,3.297872340425532,3.3297872340425534,3.3297872340425534,3.3297872340425534,3.3297872340425534,3.4148936170212765,3.4148936170212765,3.478723404255319,96
99,387,1617,2,16,20,445,3,2,1,0,21,7,354,354,346,346,346,345,344,345,342,343,346,6.053672316384181,6.1807909604519775,6.205202312138728,6.205202312138728,6.312138728323699,6.321739130434783,6.348837209302325,6.397101449275362,6.415204678362573,6.422740524781341,6.390173410404624,99
102,0,392,0,2,1,1071,10,10,0,0,0,10,591,591,596,596,603,603,604,604,611,618,618,1.7445008460236886,1.7445008460236886,1.7802013422818792,1.7802013422818792,1.8159203980099503,1.8159203980099503,1.8576158940397351,1.8576158940397351,1.878887070376432,1.8754045307443366,1.8932038834951457,102
103,0,250,0,2,0,1002,2,1,0,1,0,0,357,358,358,356,356,358,358,357,357,345,346,1.4509803921568627,1.458100558659218,1.458100558659218,1.4747191011235956,1.4747191011235956,1.4804469273743017,1.4804469273743017,1.4985994397759104,1.4985994397759104,1.5304347826086957,1.5289017341040463,103
104,1,710,0,5,1,762,10,10,0,0,2,3,316,316,316,316,320,320,322,322,322,329,331,2.1645569620253164,2.1645569620253164,2.1740506329113924,2.1740506329113924,2.190625,2.190625,2.198757763975155,2.198757763975155,2.2111801242236027,2.2036474164133737,2.205438066465257,104
105,1,693,0,5,1,727,10,10,0,0,2,3,302,302,302,302,306,306,308,308,308,314,316,2.1589403973509933,2.1589403973509933,2.1688741721854305,2.1688741721854305,2.1862745098039214,2.1862745098039214,2.1948051948051948,2.1948051948051948,2.2012987012987013,2.1878980891719744,2.189873417721519,105
106,1,702,0,5,1,704,11,11,0,0,2,3,293,293,293,293,297,297,298,298,297,302,304,2.1877133105802047,2.1877133105802047,2.197952218430034,2.197952218430034,2.2154882154882154,2.2154882154882154,2.1912751677852347,2.1912751677852347,2.1952861952861955,2.1821192052980134,2.1842105263157894,106
107,0,881,2,11,6,668,18,14,3,1,5,8,260,260,260,254,253,255,253,253,253,257,257,6.819230769230769,6.819230769230769,6.834615384615384,6.956692913385827,6.984189723320158,7.23921568627451,7.553359683794467,8.237154150197629,8.399209486166008,8.750972762645915,9.03112840466926,107
108,0,882,1,11,5,612,16,12,3,1,5,9,260,260,259,253,254,253,252,252,252,256,256,7.230769230769231,7.230769230769231,7.254826254826255,7.569169960474309,7.574803149606299,7.612648221343873,7.904761904761905,8.380952380952381,8.53968253968254,8.72265625,9.00390625,108
109,0,750,1,12,6,697,15,11,3,1,4,7,232,232,232,226,226,227,226,226,227,229,229,6.400862068965517,6.400862068965517,6.452586206896552,6.579646017699115,6.6415929203539825,6.929515418502203,7.256637168141593,8.02212389380531,8.189427312775331,8.318777292576419,8.716157205240174,109
116,9,453,1,6,17,1974,0,0,0,0,2,0,95,95,95,95,95,95,95,95,95,95,95,3.221052631578947,3.221052631578947,3.2842105263157895,3.2842105263157895,3.3157894736842106,3.3157894736842106,3.3157894736842106,3.3157894736842106,3.4,3.4,3.463157894736842,116
117,472,1089,2,17,16,948,5,1,4,0,9,6,156,156,152,152,152,151,152,152,149,145,145,7.743589743589744,8.076923076923077,8.18421052631579,8.19078947368421,8.381578947368421,8.71523178807947,8.664473684210526,9.013157894736842,9.140939597315436,9.317241379310344,8.910344827586206,117
118,472,1088,2,17,15,948,5,1,4,0,9,7,154,154,150,150,150,149,150,150,147,144,143,7.759740259740259,8.097402597402597,8.206666666666667,8.213333333333333,8.406666666666666,8.74496644295302,8.693333333333333,9.046666666666667,9.17687074829932,9.305555555555555,8.944055944055943,118
123,579,764,0,8,8,1263,3,0,3,0,1,4,78,78,78,78,78,77,77,78,78,78,78,7.153846153846154,7.346153846153846,7.346153846153846,7.358974358974359,7.358974358974359,8.0,8.0,8.679487179487179,8.679487179487179,8.679487179487179,8.512820512820513,123
124,579,767,0,8,8,1263,3,0,3,0,1,4,77,77,77,77,77,76,76,77,77,77,77,7.1558441558441555,7.35064935064935,7.35064935064935,7.363636363636363,7.363636363636363,8.013157894736842,8.013157894736842,8.7012987012987,8.7012987012987,8.7012987012987,8.532467532467532,124
130,477,697,1,1,0,1057,0,0,0,0,0,6,12,12,50,50,69,69,71,71,78,78,77,7.0,7.0,5.52,5.52,4.9855072463768115,4.9855072463768115,5.71830985915493,5.71830985915493,5.282051282051282,5.269230769230769,5.909090909090909,130
131,367,784,2,6,6,488,15,11,4,0,8,9,111,111,111,111,111,113,113,112,111,111,112,9.225225225225225,9.225225225225225,9.225225225225225,9.234234234234235,9.234234234234235,10.079646017699115,10.079646017699115,10.214285714285714,10.27027027027027,11.0990990990991,11.169642857142858,131
132,18,701,0,11,5,546,16,12,3,1,3,11,178,178,178,174,173,172,174,174,177,180,178,5.544943820224719,5.544943820224719,5.612359550561798,6.17816091954023,6.329479768786127,6.377906976744186,6.390804597701149,7.080459770114943,7.322033898305085,7.4222222222222225,7.808988764044944,132
133,347,589,1,3,0,292,7,4,2,1,6,15,130,130,132,129,127,125,125,124,126,130,130,6.115384615384615,6.115384615384615,6.037878787878788,6.542635658914729,6.811023622047244,6.888,7.064,8.07258064516129,7.984126984126984,8.2,8.476923076923077,133
134,457,607,1,2,0,371,7,6,0,1,8,15,107,107,109,106,106,105,105,104,104,108,109,8.672897196261681,8.672897196261681,8.53211009174312,9.19811320754717,9.518867924528301,10.095238095238095,10.304761904761905,11.596153846153847,11.307692307692308,11.675925925925926,11.770642201834862,134
135,483,649,1,2,0,397,6,5,0,1,9,14,102,102,103,102,102,101,101,99,100,107,107,8.509803921568627,8.509803921568627,8.436893203883495,8.96078431372549,9.27450980392157,9.871287128712872,9.98019801980198,11.424242424242424,11.11,11.158878504672897,11.336448598130842,135
136,582,772,0,5,11,1299,3,0,3,0,1,3,50,50,50,50,50,50,50,50,50,50,50,6.14,6.34,6.34,6.28,6.28,7.08,7.08,7.44,7.44,7.44,7.44,136
137,1214,1063,2,5,5,2387,3,0,3,0,1,2,23,23,26,26,32,32,32,32,36,36,37,7.695652173913044,7.695652173913044,9.038461538461538,9.038461538461538,9.34375,9.34375,10.1875,10.1875,8.972222222222221,9.416666666666666,9.486486486486486,137
138,352,913,3,6,7,635,19,17,2,0,6,3,139,139,139,139,139,141,141,140,140,142,142,10.179856115107913,10.172661870503598,10.172661870503598,10.201438848920864,10.201438848920864,10.929078014184396,10.929078014184396,11.092857142857143,11.092857142857143,11.788732394366198,11.633802816901408,138
139,473,957,2,9,8,650,17,13,3,1,6,3,138,139,139,139,139,139,139,139,138,137,137,10.833333333333334,10.762589928057555,10.762589928057555,10.784172661870503,10.805755395683454,11.057553956834532,11.086330935251798,11.02158273381295,11.08695652173913,11.518248175182482,11.423357664233576,139
140,0,274,0,4,0,534,6,6,0,0,1,7,81,78,78,76,76,74,74,73,73,70,73,4.925925925925926,7.294871794871795,7.294871794871795,8.355263157894736,8.355263157894736,11.202702702702704,11.202702702702704,12.821917808219178,12.821917808219178,16.414285714285715,16.863013698630137,140
141,370,858,3,4,6,529,17,14,3,0,8,6,129,129,129,129,129,131,131,130,129,129,129,9.395348837209303,9.395348837209303,9.395348837209303,9.410852713178295,9.410852713178295,10.13740458015267,10.13740458015267,10.253846153846155,10.30232558139535,11.0,10.829457364341085,141
142,339,1080,2,22,13,773,6,2,3,1,7,5,76,76,76,76,76,76,76,77,74,69,71,8.25,8.631578947368421,8.631578947368421,8.631578947368421,8.644736842105264,9.118421052631579,9.131578947368421,9.025974025974026,9.283783783783784,10.173913043478262,10.140845070422536,142
143,405,439,2,9,2,367,8,4,4,0,5,14,66,66,65,65,65,67,67,66,66,66,69,7.590909090909091,7.590909090909091,7.6923076923076925,7.661538461538462,7.661538461538462,9.074626865671641,9.074626865671641,9.727272727272727,9.818181818181818,9.818181818181818,9.782608695652174,143
144,44,924,3,2,7,783,10,8,2,0,4,12,294,298,298,297,296,296,297,297,297,296,298,3.673469387755102,3.7818791946308723,3.8053691275167787,4.037037037037037,4.14527027027027,4.638513513513513,5.090909090909091,5.936026936026936,6.037037037037037,6.8141891891891895,7.228187919463087,144
145,40,901,2,2,6,789,10,8,2,0,4,12,296,300,299,298,297,298,299,299,299,296,298,3.6182432432432434,3.7266666666666666,3.7558528428093645,3.9865771812080535,4.090909090909091,4.577181208053691,5.026755852842809,5.892976588628763,5.976588628762542,6.489864864864865,6.906040268456376,145
146,35,901,2,2,6,802,10,8,2,0,4,12,298,302,301,300,300,301,302,302,302,300,302,3.610738255033557,3.718543046357616,3.7475083056478407,3.9766666666666666,4.076666666666667,4.558139534883721,4.860927152317881,5.718543046357616,5.801324503311259,6.293333333333333,6.7052980132450335,146
147,32,893,2,2,6,807,10,8,2,0,4,12,295,299,298,297,297,299,300,300,300,297,299,3.610169491525424,3.608695652173913,3.610738255033557,3.8417508417508417,3.942760942760943,4.418060200668896,4.723333333333334,5.586666666666667,5.666666666666667,6.175084175084175,6.591973244147157,147
148,32,891,2,2,7,821,9,8,1,0,4,12,297,300,299,298,298,300,300,300,300,299,300,3.6464646464646466,3.6533333333333333,3.6555183946488294,3.8523489932885906,3.953020134228188,4.426666666666667,4.673333333333333,5.536666666666667,5.616666666666666,6.110367892976589,6.543333333333333,148
149,32,883,2,2,7,818,11,9,2,0,4,11,293,296,295,294,293,295,295,295,295,292,294,3.675767918088737,3.6824324324324325,3.6847457627118643,3.8843537414965987,3.9897610921501707,4.4711864406779664,4.867796610169491,5.745762711864407,5.827118644067797,6.339041095890411,6.76530612244898,149
150,32,877,2,2,8,802,11,9,2,0,4,11,294,297,297,296,295,297,297,297,297,296,297,3.806122448979592,3.8114478114478114,3.808080808080808,4.125,4.230508474576271,4.71043771043771,5.104377104377105,5.976430976430977,6.057239057239057,6.543918918918919,6.97979797979798,150
151,44,923,3,2,6,769,10,8,2,0,4,12,293,297,297,296,295,296,297,297,297,295,297,3.689419795221843,3.797979797979798,3.8215488215488214,4.054054054054054,4.159322033898305,4.699324324324325,5.151515151515151,5.9966329966329965,6.08080808080808,6.864406779661017,7.279461279461279,151
152,38,903,2,2,6,789,10,8,2,0,4,12,298,302,302,301,300,302,303,303,303,300,302,3.6711409395973154,3.7781456953642385,3.801324503311258,4.029900332225914,4.133333333333334,4.602649006622516,5.0462046204620465,5.900990099009901,5.98019801980198,6.48,6.8907284768211925,152
153,32,882,2,2,7,807,11,9,2,0,4,11,294,298,298,297,296,298,298,298,298,294,296,3.6802721088435373,3.6778523489932886,3.674496644295302,3.9057239057239057,4.010135135135135,4.4865771812080535,4.879194630872483,5.748322147651007,5.828859060402684,6.350340136054422,6.77027027027027,153
154,44,921,3,2,6,762,11,9,2,0,4,12,293,297,297,296,295,296,297,297,297,296,299,3.6791808873720138,3.787878787878788,3.8114478114478114,4.043918918918919,4.149152542372882,4.6891891891891895,5.141414141414141,5.986531986531986,6.070707070707071,6.844594594594595,7.240802675585284,154
155,38,894,2,2,6,783,11,9,2,0,4,11,295,299,299,298,297,299,300,300,300,297,300,3.7220338983050847,3.82943143812709,3.8260869565217392,4.057046979865772,4.161616161616162,4.635451505016722,5.083333333333333,5.92,6.0,6.7912457912457915,7.1866666666666665,155
156,984,961,2,4,4,2171,2,0,2,0,1,2,20,20,25,25,29,29,29,29,32,32,32,7.95,7.95,8.72,8.72,9.655172413793103,9.655172413793103,10.586206896551724,10.586206896551724,9.21875,9.21875,9.21875,156
158,58,959,2,2,7,747,4,4,0,0,2,11,256,260,260,259,258,258,261,261,261,259,261,3.50390625,3.6307692307692307,3.707692307692308,3.9382239382239383,4.321705426356589,4.771317829457364,4.735632183908046,5.697318007662835,5.919540229885057,6.613899613899614,7.325670498084291,158
159,58,965,2,2,7,751,4,4,0,0,2,11,258,262,262,261,260,260,263,263,263,261,263,3.5271317829457365,3.6526717557251906,3.7404580152671754,3.9693486590038316,4.35,4.796153846153846,4.760456273764259,5.745247148288973,5.965779467680608,6.329501915708812,7.038022813688213,159
160,113,928,2,9,8,650,6,2,3,1,3,10,233,237,236,236,236,235,236,237,238,232,231,3.5622317596566524,3.717299578059072,3.7711864406779663,4.139830508474576,4.4576271186440675,4.965957446808511,4.966101694915254,5.772151898734177,5.966386554621849,7.211206896551724,7.7186147186147185,160
161,677,1014,2,15,13,1248,4,1,2,1,4,4,53,53,52,52,52,52,52,52,52,54,53,6.113207547169812,6.3584905660377355,6.403846153846154,6.423076923076923,6.480769230769231,7.519230769230769,7.519230769230769,7.865384615384615,7.865384615384615,7.777777777777778,7.962264150943396,161
162,60,1005,2,5,7,688,4,3,1,0,4,12,254,258,258,257,257,257,256,256,255,248,252,4.031496062992126,4.151162790697675,4.178294573643411,4.447470817120623,4.642023346303502,5.178988326848249,5.640625,6.609375,6.756862745098039,7.834677419354839,8.325396825396826,162
163,669,587,2,3,2,675,4,2,1,1,5,14,29,29,32,32,33,32,33,32,34,36,37,9.413793103448276,9.413793103448276,9.40625,10.84375,12.212121212121213,11.15625,12.484848484848484,12.8125,12.235294117647058,12.722222222222221,13.513513513513514,163
